Workbook

Sheet 0_Легенда
A1: Прототип структуры Google Sheets — Модуль Технадзора (ТН)
A2: Собрано на основе анализа реальных файлов: журнала замечаний СМР, ТЗ на профиль сотрудника, KPI-оценки, расчёта доп. нагрузки, учёта переработок
A4: Лист | B4: Назначение | C4: Связи (ключи)
A5: 1_Справочники | B5: Все выпадающие списки: должности, города, ТОО, управления, статусы, типы замечаний | C5: используется во всех листах через выпадающие списки
A6: 2_Сотрудники_ТН | B6: Карточка сотрудника (профиль ТН) — из ТЗ | C6: employee_id — первичный ключ
A7: 3_Проекты | B7: Реестр проектов/ЖК с площадью, ПМ, стадией | C7: project_id — первичный ключ
A8: 4_Подрядчики | B8: Реестр контрагентов (ТОО) с БИН и рейтингом | C8: contractor_id — первичный ключ
A9: 5_Замечания | B9: Журнал предписаний СМР (ядро системы — как в report.xlsx) | C9: project_id, contractor_id, employee_id — внешние ключи
A10: 6_Инспекции_переработки | B10: Акты инспекций для расчёта переработок (как в файле Шымкент) | C10: employee_id, project_id — внешние ключи
A11: 7_Доп_нагрузка | B11: Ежемесячный расчёт доп. выплат по площади курируемых объектов | C11: employee_id — внешний ключ
A12: 8_KPI_ТН | B12: Ежемесячная оценка эффективности эксперта ТН (KPI+IQC+CRI) | C12: employee_id — внешний ключ, агрегирует данные из листа 5
A13: 9_Заявки_на_доступ | B13: Заявки на роль на сайте — супер-админ одобряет | C13: employee_id — внешний ключ
A14: 10_Роли_и_доступ | B14: Связь сотрудник ↔ управление (многие-ко-многим) — кто к какому управлению имеет доступ и в какой роли | C14: employee_id — внешний ключ
A16: Как читать цвет ячеек в примерах:
A17: Серый фон — пример вводимых данных (что заполняет пользователь).
A18: Оранжевый фон — вычисляемое поле (формула, не трогать руками).
A19: Синий текст — ссылка на ID из другого листа (внешний ключ).
A21: Важно про ИИН и др. персональные данные: Google Sheets не шифрует данные at rest.
A22: Поэтому поле ИИН в этом прототипе — только маскированное представление (****+4 цифры).
A23: Полный ИИН должен храниться не в Sheets, а в backend/Firestore с шифрованием — это и есть
A24: причина, по которой в общем плане проекта появляется промежуточный слой (см. раздел 6 плана).

Sheet 1_Справочники
A1: Управления | B1: Города | C1: ТОО (юр.лица) | D1: Функц. должности | E1: Статус сотрудника | F1: Тип замечания | G1: Статус замечания | H1: Роль на сайте
A2: Управление 1 Шымкент | B2: Алматы | C2: BI South ТОО | D2: Эксперт ТН | E2: Активен | F2: Простое | G2: На исполнении | H2: Админ
A3: Управление 2 Шымкент | B3: Шымкент | C3: Engineering Services ТОО | D3: Ведущий эксперт ТН | E3: В отпуске | F3: Критичное | G3: Исполненное | H3: Директор Дивизиона
A4: Управление B2B Алматы | B4: Ташкент | C4: Invecon ТОО | D4: Руководитель управления ТН | E4: Уволен | F4: Остановка | G4: На ревизии исполнения | H4: Руководитель Управления
A5: Управление Восток Алматы | D5: Руководитель ДИС | G5: Назначается исполнитель начальником участка | H5: Руководитель Группы
A6: Управление Запад Алматы | D6: HR-специалист | H6: Наблюдатель
A7: Управление Центр Алматы | D7: Администратор системы
A8: Управление Ташкент Север
A9: Управление Ташкент Юг

Sheet 2_Сотрудники_ТН
A1: employee_id | B1: ФИО | C1: Функц. должность | D1: ИИН (маскир.) | E1: Email | F1: Корп. телефон | G1: Личный телефон | H1: Город | I1: Дата рождения | J1: Пол | K1: Дата приёма | L1: Стаж (лет) | M1: ТОО | N1: Управление | O1: Статус | P1: Аттестаты (ссылка PDF) | Q1: Средняя оценка
A2: EMP-0001 | B2: Иванов Арман Серикович | C2: Эксперт ТН | D2: ****1234 | E2: a.ivanov@company.kz | F2: +7 700 000 00 01 | H2: Шымкент | I2: 1990-05-14 | J2: М | K2: 2023-02-01 | L2: =DATEDIF(K2,TODAY(),"y") -> 3 | M2: BI South ТОО | N2: Управление 1 Шымкент | O2: Активен | P2: attestats/EMP-0001.pdf | Q2: 4.2
A3: EMP-0002 | B3: Петрова Айгерим Болатовна | C3: Ведущий эксперт ТН | D3: ****5678 | E3: a.petrova@company.kz | F3: +7 700 000 00 02 | H3: Алматы | I3: 1988-11-02 | J3: Ж | K3: 2021-06-15 | L3: =DATEDIF(K3,TODAY(),"y") -> 5 | M3: Engineering Services ТОО | N3: Управление Запад Алматы | O3: В отпуске | P3: attestats/EMP-0002.pdf | Q3: 3.8

Sheet 3_Проекты
A1: project_id | B1: Название ЖК / объекта | C1: Заказчик | D1: № договора | E1: Управление | F1: Город | G1: Площадь, м2 | H1: ПМ (проект-менеджер) | I1: Фин. менеджер | J1: Стадия (I-VII) | K1: Статус проекта | L1: Система контроля (OperaBuild/DES/PlanRadar)
A2: PRJ-0001 | B2: Grand Park Vita 1 | C2: SG NS TOO | D2: Соглашение № SGS/7246 | E2: Управление 1 Шымкент | F2: Шымкент | G2: 45210 | H2: Салимгереев С. | I2: Алькенова А. | J2: VI | K2: В работе | L2: OperaBuild
A3: PRJ-0002 | B3: Arena City Магистральные сети | C3: ТОО «BI South» | D3: KZ09REA00529260 | E3: Управление Запад Алматы | F3: Алматы | G3: 37223 | H3: Касанов А. | I3: — | J3: V | K3: В работе | L3: OperaBuild

Sheet 4_Подрядчики
A1: contractor_id | B1: Наименование (ТОО/ИП) | C1: БИН/ИИН | D1: Вид работ | E1: Кол-во проектов (расчёт) | F1: Остановок всего (расчёт) | G1: Критичных всего (расчёт) | H1: Рейтинг (1-5, расчёт)
A2: CTR-0001 | B2: НУРМЕТАЛЛПЛАСТ-НС ТОО | C2: 131140018748 | D2: Оконные/витражные конструкции | E2: =COUNTIFS(5_Замечания!$D:$D,A2) -> 1 | F2: =COUNTIFS(5_Замечания!$D:$D,A2,5_Замечания!$B:$B,"Остановка") -> 1 | G2: =COUNTIFS(5_Замечания!$D:$D,A2,5_Замечания!$B:$B,"Критичное") -> 0 | H2: =IF(F2+G2=0,5,IF(F2+G2>=2,1,3)) -> 3
A3: CTR-0002 | B3: ЖАРЫҚ ШАМДАР АСТАНА ТОО | C3: 131240013681 | D3: Земляные, кладка, монолит, электромонтаж | E3: =COUNTIFS(5_Замечания!$D:$D,A3) -> 1 | F3: =COUNTIFS(5_Замечания!$D:$D,A3,5_Замечания!$B:$B,"Остановка") -> 0 | G3: =COUNTIFS(5_Замечания!$D:$D,A3,5_Замечания!$B:$B,"Критичное") -> 1 | H3: =IF(F3+G3=0,5,IF(F3+G3>=2,1,3)) -> 3

Sheet 5_Замечания
A1: violation_id | B1: Тип замечания | C1: project_id | D1: contractor_id | E1: Описание (кратко) | F1: Дата выявления | G1: Статус замечания | H1: Срок исполнения | I1: Дней до/после срока (расчёт) | J1: Просрочено? (расчёт) | K1: PDF файл | L1: Страница | M1: Ссылка на фото
A2: V-000001 | B2: Остановка | C2: PRJ-0001 | D2: CTR-0001 | E2: Ранее выданное предписание не устранено, выполнены последующие работы (окна, 4 блок, 10 эт.) | F2: 2026-07-14 | G2: На исполнении | H2: 2026-07-20 | I2: =H2-TODAY() -> -1 | J2: =IF(AND(G2<>"Исполненное",H2<TODAY()),"Да","Нет") -> Нет | K2: Управление_1_Шымкент_2026-07-13_2026-07-19.pdf | L2: 64 | M2: images/v000001_1.jpeg
A3: V-000002 | B3: Критичное | C3: PRJ-0002 | D3: CTR-0002 | E3: Армирование каркаса стен компенсаторного помещения выполнено без рабочего проекта раздела КЖ | F3: 2026-07-17 | G3: Назначается исполнитель начальником участка | H3: 2026-07-25 | I3: =H3-TODAY() -> 4 | J3: =IF(AND(G3<>"Исполненное",H3<TODAY()),"Да","Нет") -> Нет | K3: Управление_Запад_Алматы__К2_ЮГ__2026-07-13_2026-07-19.pdf | L3: 77 | M3: images/v000002_1.jpeg

Sheet 6_Инспекции_переработки
A1: inspection_id | B1: employee_id | C1: Дата | D1: Время начала-конца | E1: project_id | F1: Конструктив / объект работ | G1: Часы (расчёт) | H1: Ставка за час, тенге | I1: Ссылка Proofy | J1: Подтверждено? | K1: Сумма к оплате (расчёт)
A2: INS-0001 | B2: EMP-0001 | C2: 2026-06-13 | D2: 19:00-22:00 | E2: PRJ-0001 | F2: Армирование плиты перекрытия, блок 6, ось 1/9-A/Г | G2: 3 | H2: 3996.09 | I2: https://getproofy.com/i/xxxx | J2: Да | K2: =G2*H2 -> 11988.27
A3: INS-0002 | B3: EMP-0001 | C3: 2026-06-28 | D3: 10:00-12:00 | E3: PRJ-0001 | F3: Монтаж утепления кровли, блок 7 | G3: 2 | H3: 3996.09 | I3: https://getproofy.com/i/yyyy | J3: Да | K3: =G3*H3 -> 7992.18

Sheet 7_Доп_нагрузка
A1: record_id | B1: employee_id | C1: Месяц | D1: Оклад | E1: Общая площадь активных проектов, м2 | F1: Площадь по переработке, м2 | G1: Цена за м2, тенге | H1: Надбавочный % | I1: Сумма к выплате (расчёт) | J1: Примечание
A2: DN-0001 | B2: EMP-0002 | C2: 2026-04 | D2: 1100000 | E2: 2786277.4 | F2: 1286277.4 | G2: 0.7333 | H2: 0.33 | I2: =F2*G2*H2 -> 311264.99
A3: DN-0002 | B3: EMP-0002 | C3: 2026-05 | D3: 1100000 | E3: 2765974.5 | F3: 1265974.5 | G3: 0.7333 | H3: 0.33 | I3: =F3*G3*H3 -> 306351.91

Sheet 8_KPI_ТН
A1: record_id | B1: employee_id | C1: Месяц | D1: Подразделение | E1: Кол-во проектов | F1: Факт инспекций | G1: Простые (расчёт) | H1: Критич. (расчёт) | I1: Остановки (расчёт) | J1: Просроч. (расчёт) | K1: KPI (0-100) | L1: IQC (0-100) | M1: CRI-балл (0-100) | N1: ИТОГ = 50%KPI+35%IQC+15%CRI (расчёт) | O1: Ранг | P1: Категория
A2: KPI-0001 | B2: EMP-0001 | C2: 2026-06 | D2: Управление 1 Шымкент | E2: 3 | F2: 21 | G2: =COUNTIFS(5_Замечания!$C:$C,"PRJ-0001",5_Замечания!$B:$B,"Простое") -> 0 | H2: =COUNTIFS(5_Замечания!$C:$C,"PRJ-0001",5_Замечания!$B:$B,"Критичное") -> 0 | I2: =COUNTIFS(5_Замечания!$C:$C,"PRJ-0001",5_Замечания!$B:$B,"Остановка") -> 1 | J2: =COUNTIFS(5_Замечания!$C:$C,"PRJ-0001",5_Замечания!$J:$J,"Да") -> 0 | K2: 58.06 | L2: 45.57 | M2: 100 | N2: =K2*0.5+L2*0.35+M2*0.15 -> 59.9795 | O2: 10 | P2: Удовлетворительно

Sheet 9_Заявки_на_доступ
A1: request_id | B1: employee_id | C1: ФИО | D1: Желаемая роль | E1: Должность (из справочника) | F1: Статус заявки | G1: Дата заявки | H1: Кто одобрил | I1: Дата решения | J1: Комментарий
A2: REQ-0001 | B2: EMP-0002 | C2: Петрова Айгерим Болатовна | D2: Руководитель Группы | E2: Ведущий эксперт ТН | F2: На рассмотрении | G2: 2026-07-20

Sheet 10_Роли_и_доступ
A1: access_id | B1: employee_id | C1: ФИО | D1: Роль | E1: Управление | F1: Группа (если применимо) | G1: Активен?
A2: ACC-0001 | B2: EMP-0001 | C2: Иванов Арман Серикович | D2: Руководитель Управления | E2: Управление 1 Шымкент | G2: Да
A3: ACC-0002 | B3: EMP-0002 | C3: Петрова Айгерим Болатовна | D3: Наблюдатель | E3: Управление Запад Алматы | G3: Да
A4: ACC-0003 | B4: EMP-0002 | C4: Петрова Айгерим Болатовна | D4: Наблюдатель | E4: Управление Центр Алматы | G4: Да
A7: Пояснение: у одного сотрудника может быть несколько строк в этой таблице —
A8: по одной на каждое управление, к которому у него есть доступ (актуально для роли «Наблюдатель»).
A9: Для ролей «Руководитель Управления» и «Руководитель Группы» обычно одна строка = одно управление/группа.
A10: Роль «Админ» и «Директор Дивизиона» — управление можно оставить пустым (доступ ко всем).
